[{"model": "contenttypes.contenttype", "pk": 1, "fields": {"app_label": "admin", "model": "logentry"}}, {"model": "contenttypes.contenttype", "pk": 2, "fields": {"app_label": "auth", "model": "permission"}}, {"model": "contenttypes.contenttype", "pk": 3, "fields": {"app_label": "auth", "model": "group"}}, {"model": "contenttypes.contenttype", "pk": 4, "fields": {"app_label": "auth", "model": "user"}}, {"model": "contenttypes.contenttype", "pk": 5, "fields": {"app_label": "contenttypes", "model": "contenttype"}}, {"model": "contenttypes.contenttype", "pk": 6, "fields": {"app_label": "sessions", "model": "session"}}, {"model": "contenttypes.contenttype", "pk": 7, "fields": {"app_label": "Server", "model": "song"}}, {"model": "contenttypes.contenttype", "pk": 8, "fields": {"app_label": "Server", "model": "album"}}, {"model": "contenttypes.contenttype", "pk": 9, "fields": {"app_label": "Server", "model": "playlist"}}, {"model": "contenttypes.contenttype", "pk": 10, "fields": {"app_label": "Server", "model": "company"}}, {"model": "contenttypes.contenttype", "pk": 11, "fields": {"app_label": "Server", "model": "appuser"}}, {"model": "contenttypes.contenttype", "pk": 12, "fields": {"app_label": "Server", "model": "singer"}}, {"model": "contenttypes.contenttype", "pk": 13, "fields": {"app_label": "Server", "model": "userlist"}}, {"model": "sessions.session", "pk": "00yyynei40fgm20969uihepnmtgrh4m7", "fields": {"session_data": "NmRhM2ZmNDU2YjdiNzc0YmQ1NTc0MjNjODc5NGI2NjY5MjVmOWNiNjp7fQ==", "expire_date": "2019-01-29T15:48:05.265"}}, {"model": "sessions.session", "pk": "f58f6o6uuqlyfvt1jjfxvb89yonjqalr", "fields": {"session_data": "NmRhM2ZmNDU2YjdiNzc0YmQ1NTc0MjNjODc5NGI2NjY5MjVmOWNiNjp7fQ==", "expire_date": "2019-01-29T15:52:01.810"}}, {"model": "sessions.session", "pk": "hoacxtnoybv6b8lhu7a7i0xrkv4jaxp1", "fields": {"session_data": "NmRhM2ZmNDU2YjdiNzc0YmQ1NTc0MjNjODc5NGI2NjY5MjVmOWNiNjp7fQ==", "expire_date": "2019-01-29T15:49:21.249"}}, {"model": "sessions.session", "pk": "lk8hr2yfiyko9qqvpsxxohjip8jpc4c8", "fields": {"session_data": "ZDAwMTI3Y2JhMTI3NmM1YjI3NDBhZTUxMmFhMWFkMWVlZjViODU2OTp7Il9hdXRoX3VzZXJfaWQiOiIxNSIsIl9hdXRoX3VzZXJfaGFzaCI6IjU5MmU4MTU3MTA5ODVjZGViMzcwNGNhNzI1MTI3ZjRmZTBiZWQzNTgiLCJfYXV0aF91c2VyX2JhY2tlbmQiOiJkamFuZ28uY29udHJpYi5hdXRoLmJhY2tlbmRzLk1vZGVsQmFja2VuZCJ9", "expire_date": "2019-02-01T21:54:53.910"}}, {"model": "Server.singer", "pk": 1, "fields": {"singer_name": "GARNiDELiA", "singer_en_name": "GARNiDELiA"}}, {"model": "Server.singer", "pk": 2, "fields": {"singer_name": "\u6797\u4fca\u6770", "singer_en_name": "JJ Lin"}}, {"model": "Server.singer", "pk": 3, "fields": {"singer_name": "\u8bb8\u5d69", "singer_en_name": "VAE"}}, {"model": "Server.singer", "pk": 4, "fields": {"singer_name": "\u5f20\u6770", "singer_en_name": "Zhang Jie"}}, {"model": "Server.company", "pk": 1, "fields": {"company_name": "SONY MUSIC", "build_date": "2008-08-05", "company_place": "\u65e5\u672c"}}, {"model": "Server.company", "pk": 2, "fields": {"company_name": "Warner Music Group", "build_date": "1930-01-01", "company_place": "\u7f8e\u56fd"}}, {"model": "Server.company", "pk": 3, "fields": {"company_name": "\u6d77\u8776\u97f3\u4e50", "build_date": "2008-08-05", "company_place": "\u5317\u4eac"}}, {"model": "Server.company", "pk": 4, "fields": {"company_name": "heihei", "build_date": "2008-08-05", "company_place": "\u5317\u4eac"}}, {"model": "Server.company", "pk": 5, "fields": {"company_name": "\u5929\u5a31\u4f20\u5a92", "build_date": "2005-05-06", "company_place": "\u5317\u4eac"}}, {"model": "Server.album", "pk": 1, "fields": {"album_name": "\u6843\u6e90\u604b\u6b4c", "album_year": 2017, "company": 1, "singer": 1, "users": [1]}}, {"model": "Server.album", "pk": 2, "fields": {"album_name": "\u6975\u697d\u6d44\u571f", "album_year": 2016, "company": 1, "singer": 1, "users": [1, 2]}}, {"model": "Server.album", "pk": 3, "fields": {"album_name": "\u7b2c\u4e8c\u5929\u5802", "album_year": 2004, "company": 2, "singer": 2, "users": [1, 2]}}, {"model": "Server.album", "pk": 4, "fields": {"album_name": "\u65ad\u6865\u6b8b\u96ea", "album_year": 2009, "company": 3, "singer": 3, "users": [1]}}, {"model": "Server.album", "pk": 5, "fields": {"album_name": "\u81ea\u5b9a\u4e49", "album_year": 2009, "company": 3, "singer": 3, "users": [1]}}, {"model": "Server.album", "pk": 6, "fields": {"album_name": "\u9752\u5e74\u665a\u62a5", "album_year": 2016, "company": 3, "singer": 3, "users": []}}, {"model": "Server.album", "pk": 7, "fields": {"album_name": "\u660e\u5929\u8fc7\u540e", "album_year": 2008, "company": 5, "singer": 4, "users": []}}, {"model": "Server.song", "pk": 1, "fields": {"music_name": "\u6843\u6e90\u604b\u6b4c", "music_url": "http://m10.music.126.net/20190114211348/8267ef194177a37502ba787e1b1d9ad8/ymusic/5381/6411/b6cf/27dc7182f7901307da39c895e29c9e10.mp3", "music_time": "03:52", "music_year": 2017, "music_style": "\u4e2d\u56fd\u98ce", "singer": 1, "album": 1}}, {"model": "Server.song", "pk": 2, "fields": {"music_name": "\u6975\u697d\u6d44\u571f", "music_url": "http://m10.music.126.net/20190114212001/2b10923528ec179df66241c37acd2e0c/ymusic/d7cd/b9c9/abc2/2b100d7eab865dd87d8c10e353e839e7.mp3", "music_time": "03:38", "music_year": 2016, "music_style": "\u548c\u98ce\uff0c\u6b22\u5feb", "singer": 1, "album": 2}}, {"model": "Server.song", "pk": 3, "fields": {"music_name": "\u6c5f\u5357", "music_url": "http://m10.music.126.net/20190114212210/36fe7d3ce891aea58d77182ce3a1c974/ymusic/8b53/b4e9/b60f/85a5b4d07d6e64e9fdf029148f9e71ca.mp3", "music_time": "04:27", "music_year": 2004, "music_style": "\u6d41\u884c", "singer": 2, "album": 3}}, {"model": "Server.song", "pk": 4, "fields": {"music_name": "\u7f8e\u4eba\u9c7c", "music_url": "http://m10.music.126.net/20190114212440/ce7c417887b3e452151d45195357a5bd/ymusic/72e6/2df0/859b/f0e4b909d26074a0828e43461ef18e02.mp3", "music_time": "04:14", "music_year": 2004, "music_style": "\u6d41\u884c", "singer": 2, "album": 3}}, {"model": "Server.song", "pk": 5, "fields": {"music_name": "\u65ad\u6865\u6b8b\u96ea", "music_url": "http://m10.music.126.net/20190115031404/d42ebead0ba2e8caacf5cff7d458d7ef/ymusic/4867/fb8b/ee69/037f94951d1464db679f8a81f1f477e4.mp3", "music_time": "03:47", "music_year": 2009, "music_style": "\u6d41\u884c", "singer": 3, "album": 4}}, {"model": "Server.song", "pk": 6, "fields": {"music_name": "\u6709\u4f55\u4e0d\u53ef", "music_url": "http://m10.music.126.net/20190115031945/07cfaf777a773876be85006dee28227d/ymusic/a024/09a7/c4c3/fc0d416790bc729172c636e2d2d1109a.mp3", "music_time": "04:01", "music_year": 2009, "music_style": "\u6d41\u884c", "singer": 3, "album": 5}}, {"model": "Server.song", "pk": 7, "fields": {"music_name": "\u6e05\u660e\u96e8\u4e0a", "music_url": "http://m10.music.126.net/20190115032116/c152b870e5f5144113f4067d5bbf9161/ymusic/430e/f650/29e8/072beee9ef98fd3f4fad4ed928ad6f04.mp3", "music_time": "03:39", "music_year": 2009, "music_style": "\u4e2d\u56fd\u98ce", "singer": 3, "album": 5}}, {"model": "Server.song", "pk": 8, "fields": {"music_name": "\u96c5\u4fd7\u5171\u8d4f", "music_url": "http://m10.music.126.net/20190115032532/d77aeee6d7cecf33edb4d900a312a910/ymusic/08b0/9a14/9674/5d9c6e083d35d292c3fa3567363cbd96.mp3", "music_time": "04:09", "music_year": 2016, "music_style": "\u6d41\u884c", "singer": 3, "album": 6}}, {"model": "Server.song", "pk": 9, "fields": {"music_name": "\u6444\u5f71\u827a\u672f", "music_url": "http://m10.music.126.net/20190115111638/ed9d7fde07669301ce4ae63e127711dc/ymusic/4e74/7199/8d2d/111bad4e33070658cafaf1dd82516eca.mp3", "music_time": "04:27", "music_year": 2016, "music_style": "\u6d41\u884c", "singer": 3, "album": 6}}, {"model": "Server.song", "pk": 10, "fields": {"music_name": "\u660e\u5929\u8fc7\u540e", "music_url": "http://m10.music.126.net/20190118152446/4e2cd50ffc153b086289d0576852df6a/ymusic/9e9a/93c0/0911/9d11bcbde6c1dd9815f46ca6d50723a6.mp3", "music_time": "03:57", "music_year": 2008, "music_style": "\u6d41\u884c", "singer": 4, "album": 7}}, {"model": "Server.playlist", "pk": 3, "fields": {"list_name": "\u65e5\u6587\u6b4c\u66f2", "build_date": "2019-01-17", "list_label": "\u65e5\u7cfb", "list_intro": "\u8fd9\u662f\u4e00\u4e2a\u5173\u4e8e\u65e5\u6587\u6b4c\u7684\u6b4c\u5355", "build_user": 2, "user": [1], "songs": [1, 2]}}, {"model": "Server.playlist", "pk": 4, "fields": {"list_name": "\u4e2d\u6587\u6b4c\u66f2", "build_date": "2019-01-17", "list_label": "\u4e2d\u56fd\u98ce", "list_intro": "\u5173\u4e8e\u4e2d\u56fd\u98ce\u6b4c\u66f2\u7684\u6b4c\u5355", "build_user": 1, "user": [2, 4, 5], "songs": [3, 5, 7]}}, {"model": "Server.playlist", "pk": 5, "fields": {"list_name": "\u82f1\u6587\u6b4c\u66f2", "build_date": "2019-01-17", "list_label": "\u82f1\u6587", "list_intro": "\u8fd9\u662f\u4e00\u4e2a\u82f1\u6587\u6b4c\u5355\u3002", "build_user": 2, "user": [5], "songs": [1]}}, {"model": "Server.playlist", "pk": 6, "fields": {"list_name": "gqk\u7684\u6b4c\u5355", "build_date": "2019-01-18", "list_label": "\u6b22\u5feb", "list_intro": "gqk\u559c\u6b22\u7684\u97f3\u4e50", "build_user": 1, "user": [2, 5], "songs": []}}, {"model": "Server.playlist", "pk": 7, "fields": {"list_name": "test2018\u7684\u6b4c\u5355", "build_date": "2019-01-18", "list_label": "test2018", "list_intro": "test2018\u559c\u6b22\u7684\u6b4c\u5355                 ", "build_user": 5, "user": [], "songs": []}}, {"model": "auth.permission", "pk": 1, "fields": {"name": "Can add log entry", "content_type": 1, "codename": "add_logentry"}}, {"model": "auth.permission", "pk": 2, "fields": {"name": "Can change log entry", "content_type": 1, "codename": "change_logentry"}}, {"model": "auth.permission", "pk": 3, "fields": {"name": "Can delete log entry", "content_type": 1, "codename": "delete_logentry"}}, {"model": "auth.permission", "pk": 4, "fields": {"name": "Can view log entry", "content_type": 1, "codename": "view_logentry"}}, {"model": "auth.permission", "pk": 5, "fields": {"name": "Can add permission", "content_type": 2, "codename": "add_permission"}}, {"model": "auth.permission", "pk": 6, "fields": {"name": "Can change permission", "content_type": 2, "codename": "change_permission"}}, {"model": "auth.permission", "pk": 7, "fields": {"name": "Can delete permission", "content_type": 2, "codename": "delete_permission"}}, {"model": "auth.permission", "pk": 8, "fields": {"name": "Can view permission", "content_type": 2, "codename": "view_permission"}}, {"model": "auth.permission", "pk": 9, "fields": {"name": "Can add group", "content_type": 3, "codename": "add_group"}}, {"model": "auth.permission", "pk": 10, "fields": {"name": "Can change group", "content_type": 3, "codename": "change_group"}}, {"model": "auth.permission", "pk": 11, "fields": {"name": "Can delete group", "content_type": 3, "codename": "delete_group"}}, {"model": "auth.permission", "pk": 12, "fields": {"name": "Can view group", "content_type": 3, "codename": "view_group"}}, {"model": "auth.permission", "pk": 13, "fields": {"name": "Can add user", "content_type": 4, "codename": "add_user"}}, {"model": "auth.permission", "pk": 14, "fields": {"name": "Can change user", "content_type": 4, "codename": "change_user"}}, {"model": "auth.permission", "pk": 15, "fields": {"name": "Can delete user", "content_type": 4, "codename": "delete_user"}}, {"model": "auth.permission", "pk": 16, "fields": {"name": "Can view user", "content_type": 4, "codename": "view_user"}}, {"model": "auth.permission", "pk": 17, "fields": {"name": "Can add content type", "content_type": 5, "codename": "add_contenttype"}}, {"model": "auth.permission", "pk": 18, "fields": {"name": "Can change content type", "content_type": 5, "codename": "change_contenttype"}}, {"model": "auth.permission", "pk": 19, "fields": {"name": "Can delete content type", "content_type": 5, "codename": "delete_contenttype"}}, {"model": "auth.permission", "pk": 20, "fields": {"name": "Can view content type", "content_type": 5, "codename": "view_contenttype"}}, {"model": "auth.permission", "pk": 21, "fields": {"name": "Can add session", "content_type": 6, "codename": "add_session"}}, {"model": "auth.permission", "pk": 22, "fields": {"name": "Can change session", "content_type": 6, "codename": "change_session"}}, {"model": "auth.permission", "pk": 23, "fields": {"name": "Can delete session", "content_type": 6, "codename": "delete_session"}}, {"model": "auth.permission", "pk": 24, "fields": {"name": "Can view session", "content_type": 6, "codename": "view_session"}}, {"model": "auth.permission", "pk": 25, "fields": {"name": "Can add song", "content_type": 7, "codename": "add_song"}}, {"model": "auth.permission", "pk": 26, "fields": {"name": "Can change song", "content_type": 7, "codename": "change_song"}}, {"model": "auth.permission", "pk": 27, "fields": {"name": "Can delete song", "content_type": 7, "codename": "delete_song"}}, {"model": "auth.permission", "pk": 28, "fields": {"name": "Can view song", "content_type": 7, "codename": "view_song"}}, {"model": "auth.permission", "pk": 29, "fields": {"name": "Can add album", "content_type": 8, "codename": "add_album"}}, {"model": "auth.permission", "pk": 30, "fields": {"name": "Can change album", "content_type": 8, "codename": "change_album"}}, {"model": "auth.permission", "pk": 31, "fields": {"name": "Can delete album", "content_type": 8, "codename": "delete_album"}}, {"model": "auth.permission", "pk": 32, "fields": {"name": "Can view album", "content_type": 8, "codename": "view_album"}}, {"model": "auth.permission", "pk": 33, "fields": {"name": "Can add play list", "content_type": 9, "codename": "add_playlist"}}, {"model": "auth.permission", "pk": 34, "fields": {"name": "Can change play list", "content_type": 9, "codename": "change_playlist"}}, {"model": "auth.permission", "pk": 35, "fields": {"name": "Can delete play list", "content_type": 9, "codename": "delete_playlist"}}, {"model": "auth.permission", "pk": 36, "fields": {"name": "Can view play list", "content_type": 9, "codename": "view_playlist"}}, {"model": "auth.permission", "pk": 37, "fields": {"name": "Can add company", "content_type": 10, "codename": "add_company"}}, {"model": "auth.permission", "pk": 38, "fields": {"name": "Can change company", "content_type": 10, "codename": "change_company"}}, {"model": "auth.permission", "pk": 39, "fields": {"name": "Can delete company", "content_type": 10, "codename": "delete_company"}}, {"model": "auth.permission", "pk": 40, "fields": {"name": "Can view company", "content_type": 10, "codename": "view_company"}}, {"model": "auth.permission", "pk": 41, "fields": {"name": "Can add app user", "content_type": 11, "codename": "add_appuser"}}, {"model": "auth.permission", "pk": 42, "fields": {"name": "Can change app user", "content_type": 11, "codename": "change_appuser"}}, {"model": "auth.permission", "pk": 43, "fields": {"name": "Can delete app user", "content_type": 11, "codename": "delete_appuser"}}, {"model": "auth.permission", "pk": 44, "fields": {"name": "Can view app user", "content_type": 11, "codename": "view_appuser"}}, {"model": "auth.permission", "pk": 45, "fields": {"name": "Can add singer", "content_type": 12, "codename": "add_singer"}}, {"model": "auth.permission", "pk": 46, "fields": {"name": "Can change singer", "content_type": 12, "codename": "change_singer"}}, {"model": "auth.permission", "pk": 47, "fields": {"name": "Can delete singer", "content_type": 12, "codename": "delete_singer"}}, {"model": "auth.permission", "pk": 48, "fields": {"name": "Can view singer", "content_type": 12, "codename": "view_singer"}}, {"model": "auth.permission", "pk": 49, "fields": {"name": "Can add user list", "content_type": 13, "codename": "add_userlist"}}, {"model": "auth.permission", "pk": 50, "fields": {"name": "Can change user list", "content_type": 13, "codename": "change_userlist"}}, {"model": "auth.permission", "pk": 51, "fields": {"name": "Can delete user list", "content_type": 13, "codename": "delete_userlist"}}, {"model": "auth.permission", "pk": 52, "fields": {"name": "Can view user list", "content_type": 13, "codename": "view_userlist"}}, {"model": "auth.user", "pk": 1, "fields": {"password": "pbkdf2_sha256$120000$lNZ0SLXxMMVP$+aaR886ZhvtyQkgI280ObqbNi+aNNVchSdaLcb0R88I=", "last_login": "2019-01-18T14:58:58.624", "is_superuser": true, "username": "akagb", "first_name": "", "last_name": "", "email": "", "is_staff": true, "is_active": true, "date_joined": "2019-01-14T07:37:56.649", "groups": [], "user_permissions": []}}, {"model": "auth.user", "pk": 2, "fields": {"password": "pbkdf2_sha256$120000$RTQA73DosZNm$nhbrEa5j+qRgrYYCKkLt7YIPPqHKOlIDS9hKFplp96c=", "last_login": "2019-01-18T15:23:47.752", "is_superuser": false, "username": "gqk333", "first_name": "", "last_name": "", "email": "", "is_staff": false, "is_active": true, "date_joined": "2019-01-14T07:51:45.934", "groups": [], "user_permissions": []}}, {"model": "auth.user", "pk": 3, "fields": {"password": "pbkdf2_sha256$120000$qyMiPqeFQ2LK$i45J72XTbbjzF0wthagb+IEEtd1PY42RN2tNVypF9ZA=", "last_login": "2019-01-18T20:07:42.214", "is_superuser": false, "username": "cqy2019", "first_name": "", "last_name": "", "email": "", "is_staff": false, "is_active": true, "date_joined": "2019-01-14T07:58:50.699", "groups": [], "user_permissions": []}}, {"model": "auth.user", "pk": 6, "fields": {"password": "pbkdf2_sha256$120000$ky3gZrlFrOXO$qST4KMM/4a57JNHnazH3Uh7q9R7EXx8kLxLy1rcokRI=", "last_login": "2019-01-16T02:36:43.626", "is_superuser": false, "username": "test1", "first_name": "", "last_name": "", "email": "", "is_staff": false, "is_active": true, "date_joined": "2019-01-15T18:12:41.644", "groups": [], "user_permissions": []}}, {"model": "auth.user", "pk": 7, "fields": {"password": "pbkdf2_sha256$120000$8zOC7IxJ5jCI$3ql5Owi/BNA+vANjmG0DCwEhdRXigP2Hms3EioCFZ68=", "last_login": "2019-01-15T18:21:53.693", "is_superuser": false, "username": "gwz333", "first_name": "", "last_name": "", "email": "", "is_staff": false, "is_active": true, "date_joined": "2019-01-15T18:21:13.237", "groups": [], "user_permissions": []}}, {"model": "auth.user", "pk": 15, "fields": {"password": "pbkdf2_sha256$120000$2exLHtVcxTA5$qpv0f9KH2IHP9MjDRtzGaXD7EtBFe8g4nJFbkCjlVqE=", "last_login": "2019-01-18T21:54:53.880", "is_superuser": false, "username": "test2018", "first_name": "", "last_name": "", "email": "", "is_staff": false, "is_active": true, "date_joined": "2019-01-18T21:54:53.696", "groups": [], "user_permissions": []}}, {"model": "Server.appuser", "pk": 1, "fields": {"user": 2, "user_name": "gqk333", "reg_time": "2019-01-14", "user_place": "\u5e7f\u5dde"}}, {"model": "Server.appuser", "pk": 2, "fields": {"user": 3, "user_name": "cqy2019", "reg_time": "2019-01-14", "user_place": "\u9655\u897f"}}, {"model": "Server.appuser", "pk": 3, "fields": {"user": 6, "user_name": "test1", "reg_time": "2019-01-15", "user_place": "\u9999\u6e2f"}}, {"model": "Server.appuser", "pk": 4, "fields": {"user": 7, "user_name": "gwz333", "reg_time": "2019-01-15", "user_place": "\u5e7f\u5dde"}}, {"model": "Server.appuser", "pk": 5, "fields": {"user": 15, "user_name": "test2018", "reg_time": "2019-01-18", "user_place": ""}}, {"model": "admin.logentry", "pk": 1, "fields": {"action_time": "2019-01-14T07:51:46.022", "user": 1, "content_type": 4, "object_id": "2", "object_repr": "gqk333", "action_flag": 1, "change_message": "[{\"added\": {}}]"}}, {"model": "admin.logentry", "pk": 2, "fields": {"action_time": "2019-01-14T07:52:03.158", "user": 1, "content_type": 11, "object_id": "1", "object_repr": "AppUser object (1)", "action_flag": 1, "change_message": "[{\"added\": {}}]"}}, {"model": "admin.logentry", "pk": 3, "fields": {"action_time": "2019-01-14T07:58:50.804", "user": 1, "content_type": 4, "object_id": "3", "object_repr": "cqy2019", "action_flag": 1, "change_message": "[{\"added\": {}}]"}}, {"model": "admin.logentry", "pk": 4, "fields": {"action_time": "2019-01-14T07:59:47.029", "user": 1, "content_type": 11, "object_id": "2", "object_repr": "cqy2019", "action_flag": 1, "change_message": "[{\"added\": {}}]"}}, {"model": "admin.logentry", "pk": 5, "fields": {"action_time": "2019-01-14T07:59:55.132", "user": 1, "content_type": 11, "object_id": "1", "object_repr": "GQK333", "action_flag": 2, "change_message": "[{\"changed\": {\"fields\": [\"user_place\"]}}]"}}, {"model": "admin.logentry", "pk": 6, "fields": {"action_time": "2019-01-14T08:09:50.380", "user": 1, "content_type": 12, "object_id": "1", "object_repr": "GARNiDELiA", "action_flag": 1, "change_message": "[{\"added\": {}}]"}}, {"model": "admin.logentry", "pk": 7, "fields": {"action_time": "2019-01-14T08:10:19.843", "user": 1, "content_type": 12, "object_id": "2", "object_repr": "\u6797\u4fca\u6770", "action_flag": 1, "change_message": "[{\"added\": {}}]"}}, {"model": "admin.logentry", "pk": 8, "fields": {"action_time": "2019-01-14T08:24:03.322", "user": 1, "content_type": 10, "object_id": "1", "object_repr": "SONY MUSIC", "action_flag": 1, "change_message": "[{\"added\": {}}]"}}, {"model": "admin.logentry", "pk": 9, "fields": {"action_time": "2019-01-14T08:30:11.180", "user": 1, "content_type": 10, "object_id": "2", "object_repr": "\u534e\u7eb3\u5531\u7247", "action_flag": 1, "change_message": "[{\"added\": {}}]"}}, {"model": "admin.logentry", "pk": 10, "fields": {"action_time": "2019-01-14T08:30:28.056", "user": 1, "content_type": 10, "object_id": "2", "object_repr": "Warner Music Group", "action_flag": 2, "change_message": "[{\"changed\": {\"fields\": [\"company_name\"]}}]"}}, {"model": "admin.logentry", "pk": 11, "fields": {"action_time": "2019-01-14T12:43:12.832", "user": 1, "content_type": 8, "object_id": "1", "object_repr": "\u6843\u6e90\u604b\u6b4c", "action_flag": 1, "change_message": "[{\"added\": {}}]"}}, {"model": "admin.logentry", "pk": 12, "fields": {"action_time": "2019-01-14T12:44:06.393", "user": 1, "content_type": 8, "object_id": "2", "object_repr": "\u6975\u697d\u6d44\u571f", "action_flag": 1, "change_message": "[{\"added\": {}}]"}}, {"model": "admin.logentry", "pk": 13, "fields": {"action_time": "2019-01-14T12:45:44.962", "user": 1, "content_type": 8, "object_id": "3", "object_repr": "\u7b2c\u4e8c\u5929\u5802", "action_flag": 1, "change_message": "[{\"added\": {}}]"}}, {"model": "admin.logentry", "pk": 14, "fields": {"action_time": "2019-01-14T12:54:28.766", "user": 1, "content_type": 7, "object_id": "1", "object_repr": "\u6843\u6e90\u604b\u6b4c", "action_flag": 1, "change_message": "[{\"added\": {}}]"}}, {"model": "admin.logentry", "pk": 15, "fields": {"action_time": "2019-01-14T12:56:10.579", "user": 1, "content_type": 7, "object_id": "2", "object_repr": "\u6975\u697d\u6d44\u571f", "action_flag": 1, "change_message": "[{\"added\": {}}]"}}, {"model": "admin.logentry", "pk": 16, "fields": {"action_time": "2019-01-14T12:58:57.206", "user": 1, "content_type": 7, "object_id": "3", "object_repr": "\u6c5f\u5357", "action_flag": 1, "change_message": "[{\"added\": {}}]"}}, {"model": "admin.logentry", "pk": 17, "fields": {"action_time": "2019-01-14T13:03:19.780", "user": 1, "content_type": 7, "object_id": "4", "object_repr": "\u7f8e\u4eba\u9c7c", "action_flag": 1, "change_message": "[{\"added\": {}}]"}}, {"model": "admin.logentry", "pk": 18, "fields": {"action_time": "2019-01-15T02:51:10.038", "user": 1, "content_type": 12, "object_id": "3", "object_repr": "\u8bb8\u5d69", "action_flag": 1, "change_message": "[{\"added\": {}}]"}}, {"model": "admin.logentry", "pk": 19, "fields": {"action_time": "2019-01-15T02:51:29.445", "user": 1, "content_type": 7, "object_id": "5", "object_repr": "\u65ad\u6865\u6b8b\u96ea", "action_flag": 1, "change_message": "[{\"added\": {}}]"}}, {"model": "admin.logentry", "pk": 20, "fields": {"action_time": "2019-01-15T02:53:41.578", "user": 1, "content_type": 10, "object_id": "3", "object_repr": "\u6d77\u8776\u97f3\u4e50", "action_flag": 1, "change_message": "[{\"added\": {}}]"}}, {"model": "admin.logentry", "pk": 21, "fields": {"action_time": "2019-01-15T02:54:15.588", "user": 1, "content_type": 8, "object_id": "4", "object_repr": "\u65ad\u6865\u6b8b\u96ea", "action_flag": 1, "change_message": "[{\"added\": {}}]"}}, {"model": "admin.logentry", "pk": 22, "fields": {"action_time": "2019-01-15T02:54:21.629", "user": 1, "content_type": 7, "object_id": "5", "object_repr": "\u65ad\u6865\u6b8b\u96ea", "action_flag": 2, "change_message": "[{\"changed\": {\"fields\": [\"album_id\"]}}]"}}, {"model": "admin.logentry", "pk": 23, "fields": {"action_time": "2019-01-15T02:55:54.142", "user": 1, "content_type": 8, "object_id": "5", "object_repr": "\u81ea\u5b9a\u4e49", "action_flag": 1, "change_message": "[{\"added\": {}}]"}}, {"model": "admin.logentry", "pk": 24, "fields": {"action_time": "2019-01-15T02:55:56.914", "user": 1, "content_type": 7, "object_id": "6", "object_repr": "\u6709\u4f55\u4e0d\u53ef", "action_flag": 1, "change_message": "[{\"added\": {}}]"}}, {"model": "admin.logentry", "pk": 25, "fields": {"action_time": "2019-01-15T02:56:55.911", "user": 1, "content_type": 7, "object_id": "7", "object_repr": "\u6e05\u660e\u96e8\u4e0a", "action_flag": 1, "change_message": "[{\"added\": {}}]"}}, {"model": "admin.logentry", "pk": 26, "fields": {"action_time": "2019-01-15T02:57:02.441", "user": 1, "content_type": 7, "object_id": "6", "object_repr": "\u6709\u4f55\u4e0d\u53ef", "action_flag": 2, "change_message": "[]"}}, {"model": "admin.logentry", "pk": 27, "fields": {"action_time": "2019-01-15T03:16:47.872", "user": 1, "content_type": 8, "object_id": "6", "object_repr": "\u9752\u5e74\u665a\u62a5", "action_flag": 1, "change_message": "[{\"added\": {}}]"}}, {"model": "admin.logentry", "pk": 28, "fields": {"action_time": "2019-01-15T03:16:52.833", "user": 1, "content_type": 7, "object_id": "8", "object_repr": "\u96c5\u4fd7\u5171\u8d4f", "action_flag": 1, "change_message": "[{\"added\": {}}]"}}, {"model": "admin.logentry", "pk": 29, "fields": {"action_time": "2019-01-15T10:52:40.054", "user": 1, "content_type": 7, "object_id": "9", "object_repr": "\u6444\u5f71\u827a\u672f", "action_flag": 1, "change_message": "[{\"added\": {}}]"}}, {"model": "admin.logentry", "pk": 30, "fields": {"action_time": "2019-01-15T15:27:00.139", "user": 1, "content_type": 4, "object_id": "3", "object_repr": "cqy2019", "action_flag": 2, "change_message": "[{\"changed\": {\"fields\": [\"password\"]}}]"}}, {"model": "admin.logentry", "pk": 31, "fields": {"action_time": "2019-01-15T18:15:48.208", "user": 1, "content_type": 11, "object_id": "3", "object_repr": "test1", "action_flag": 1, "change_message": "[{\"added\": {}}]"}}, {"model": "admin.logentry", "pk": 32, "fields": {"action_time": "2019-01-15T21:02:39.463", "user": 1, "content_type": 8, "object_id": "7", "object_repr": "\u9752\u5e74\u665a\u62a5", "action_flag": 1, "change_message": "[{\"added\": {}}]"}}, {"model": "admin.logentry", "pk": 33, "fields": {"action_time": "2019-01-15T21:03:12.693", "user": 1, "content_type": 10, "object_id": "4", "object_repr": "heihei", "action_flag": 1, "change_message": "[{\"added\": {}}]"}}, {"model": "admin.logentry", "pk": 34, "fields": {"action_time": "2019-01-15T22:57:38.019", "user": 1, "content_type": 8, "object_id": "7", "object_repr": "\u9752\u5e74\u665a\u62a5", "action_flag": 3, "change_message": ""}}, {"model": "admin.logentry", "pk": 35, "fields": {"action_time": "2019-01-15T23:46:58.922", "user": 1, "content_type": 11, "object_id": "4", "object_repr": "gwz333", "action_flag": 2, "change_message": "[{\"changed\": {\"fields\": [\"user_name\"]}}]"}}, {"model": "admin.logentry", "pk": 36, "fields": {"action_time": "2019-01-15T23:47:06.531", "user": 1, "content_type": 11, "object_id": "3", "object_repr": "test1", "action_flag": 2, "change_message": "[{\"changed\": {\"fields\": [\"user_name\"]}}]"}}, {"model": "admin.logentry", "pk": 37, "fields": {"action_time": "2019-01-15T23:47:15.688", "user": 1, "content_type": 11, "object_id": "2", "object_repr": "cqy2019", "action_flag": 2, "change_message": "[{\"changed\": {\"fields\": [\"user_name\"]}}]"}}, {"model": "admin.logentry", "pk": 38, "fields": {"action_time": "2019-01-15T23:47:29.736", "user": 1, "content_type": 11, "object_id": "1", "object_repr": "gqk333", "action_flag": 2, "change_message": "[{\"changed\": {\"fields\": [\"user_name\"]}}]"}}, {"model": "admin.logentry", "pk": 39, "fields": {"action_time": "2019-01-17T00:24:33.945", "user": 1, "content_type": 9, "object_id": "1", "object_repr": "\u65e5\u6587\u6b4c\u66f2", "action_flag": 1, "change_message": "[{\"added\": {}}]"}}, {"model": "admin.logentry", "pk": 40, "fields": {"action_time": "2019-01-17T00:25:13.770", "user": 1, "content_type": 9, "object_id": "2", "object_repr": "\u4e2d\u6587\u6b4c\u66f2", "action_flag": 1, "change_message": "[{\"added\": {}}]"}}, {"model": "admin.logentry", "pk": 41, "fields": {"action_time": "2019-01-17T01:03:11.705", "user": 1, "content_type": 9, "object_id": "2", "object_repr": "\u4e2d\u6587\u6b4c\u66f2", "action_flag": 3, "change_message": ""}}, {"model": "admin.logentry", "pk": 42, "fields": {"action_time": "2019-01-17T01:03:15.690", "user": 1, "content_type": 9, "object_id": "1", "object_repr": "\u65e5\u6587\u6b4c\u66f2", "action_flag": 3, "change_message": ""}}, {"model": "admin.logentry", "pk": 43, "fields": {"action_time": "2019-01-17T01:04:35.767", "user": 1, "content_type": 9, "object_id": "3", "object_repr": "\u65e5\u6587\u6b4c\u66f2", "action_flag": 1, "change_message": "[{\"added\": {}}]"}}, {"model": "admin.logentry", "pk": 44, "fields": {"action_time": "2019-01-17T01:05:12.031", "user": 1, "content_type": 9, "object_id": "4", "object_repr": "\u4e2d\u6587\u6b4c\u66f2", "action_flag": 1, "change_message": "[{\"added\": {}}]"}}, {"model": "admin.logentry", "pk": 45, "fields": {"action_time": "2019-01-17T15:20:30.990", "user": 1, "content_type": 9, "object_id": "4", "object_repr": "\u4e2d\u6587\u6b4c\u66f2", "action_flag": 2, "change_message": "[{\"changed\": {\"fields\": [\"user\"]}}]"}}, {"model": "admin.logentry", "pk": 46, "fields": {"action_time": "2019-01-17T15:20:53.299", "user": 1, "content_type": 9, "object_id": "3", "object_repr": "\u65e5\u6587\u6b4c\u66f2", "action_flag": 2, "change_message": "[{\"changed\": {\"fields\": [\"user\"]}}]"}}, {"model": "admin.logentry", "pk": 47, "fields": {"action_time": "2019-01-18T15:01:52.891", "user": 1, "content_type": 12, "object_id": "4", "object_repr": "\u5f20\u6770", "action_flag": 1, "change_message": "[{\"added\": {}}]"}}, {"model": "admin.logentry", "pk": 48, "fields": {"action_time": "2019-01-18T15:02:47.640", "user": 1, "content_type": 10, "object_id": "5", "object_repr": "\u5929\u5a31\u4f20\u5a92", "action_flag": 1, "change_message": "[{\"added\": {}}]"}}, {"model": "admin.logentry", "pk": 49, "fields": {"action_time": "2019-01-18T15:03:07.494", "user": 1, "content_type": 8, "object_id": "7", "object_repr": "\u660e\u5929\u8fc7\u540e", "action_flag": 1, "change_message": "[{\"added\": {}}]"}}, {"model": "admin.logentry", "pk": 50, "fields": {"action_time": "2019-01-18T15:05:23.678", "user": 1, "content_type": 7, "object_id": "10", "object_repr": "\u660e\u5929\u8fc7\u540e", "action_flag": 1, "change_message": "[{\"added\": {}}]"}}]